unique_id,id,date,year,season,site,species,sex,mass,svl,cort_bl,cort_ps,cort_react,bka_bl,bka_ps,bka_react,test,old_bodycon,mean_temp
1,36,10/21/11,2011,Fall,RP,ELE,female,72,475,46.48,45.904,-0.576,9.417304297,3.237198352,-6.180105945,NA,3.124682501,10.74074074
2,52,10/10/11,2011,Fall,AD,ELE,male,91,530,25.291,28.858,3.567,7.35892961,7.35892961,0,148.456,42.04974461,8.333333333
3,58,10/9/11,2011,Fall,RP,ELE,male,81,510,28.767,81.157,52.39,22.45787333,6.275421267,-16.18245206,202.135,30.51023824,6.388888889
4,79,10/9/11,2011,Fall,RP,ELE,female,118,560,32.468,44.161,11.693,5.578152237,3.602556653,-1.975595584,NA,49.20641182,6.388888889
5,200,10/10/11,2011,Fall,AD,ELE,female,129,600,8.612,12.439,3.827,5.759162304,6.835369401,1.076207097,NA,79.89986883,8.333333333
6,271,10/9/11,2011,Fall,RP,ELE,male,42,392,81.717,127.499,45.782,100,11.18535735,-88.81464265,0.119,-54.49383662,6.388888889
7,371,9/14/11,2011,Fall,RP,ELE,female,43,370,4.676,26.271,21.595,31.57739847,12.00706298,-19.57033549,NA,-77.33988598,18.14814815
8,372,9/14/11,2011,Fall,RP,ELE,male,82,571,10.386,131.004,120.618,9.064155386,6.150676869,-2.913478517,23.004,90.66418887,18.14814815
9,396,9/26/11,2011,Fall,RP,ELE,male,51,432,12.883,37.596,24.713,9.976456739,18.39317245,8.416715711,24.352,-22.10828088,19.53703704
10,397,9/26/11,2011,Fall,RP,ELE,male,88,530,8.254,29.047,20.793,7.239552678,10.62389641,3.384343732,25.829,44.5878927,19.53703704
11,400,9/26/11,2011,Fall,RP,ELE,male,75,482,9.897,22.747,12.85,52.76633314,58.94643908,6.18010594,105.887,7.586534413,19.53703704
12,401,9/26/11,2011,Fall,RP,ELE,female,132,624,24.164,35.821,11.657,30.98881695,5.56209535,-25.4267216,NA,101.3617207,19.53703704
13,403,9/26/11,2011,Fall,RP,ELE,male,70,492,27.208,66.742,39.534,6.886403767,11.44791054,4.561506773,150.421,21.81678123,19.53703704
14,410,10/9/11,2011,Fall,RP,ELE,female,102,570,49.418,92.738,43.32,5.40383498,6.449738524,1.045903544,NA,72.74320162,6.388888889
15,411,10/9/11,2011,Fall,RP,ELE,male,75,465,24.991,39.73,14.739,50.81348053,12.31841952,-38.49506101,96.562,-9.413465587,6.388888889
16,412,10/9/11,2011,Fall,RP,ELE,male,84,510,28.094,64.476,36.382,14.46833236,6.769320163,-7.699012197,NA,27.97209015,6.388888889
17,414,10/9/11,2011,Fall,RP,ELE,female,101,515,NA,41.092,NA,25.04357931,8.280069727,-16.76350958,NA,18.58925098,6.388888889
18,417,10/9/11,2011,Fall,RP,ELE,female,121,540,66.516,79.341,12.825,8.483439861,4.93898896,-3.544450901,NA,26.66826373,6.388888889
19,418,10/9/11,2011,Fall,RP,ELE,female,104,572,39.035,70.924,31.889,4.445090064,27.89076119,23.44567113,NA,73.05110289,6.388888889
20,419,10/9/11,2011,Fall,RP,ELE,male,88,500,25.074,53.986,28.912,9.587449157,10.16850668,0.581057523,93.738,14.5878927,6.388888889
21,426,10/10/11,2011,Fall,AD,ELE,male,45,425,12.654,92.336,79.682,3.984874927,7.940663176,3.955788249,99.443,-24.03198471,8.333333333
22,427,10/10/11,2011,Fall,AD,ELE,female,83,510,37.683,31.213,-6.47,20.59336824,100,79.40663176,NA,28.81813951,8.333333333
23,429,10/10/11,2011,Fall,AD,ELE,female,116,585,5.399,10.105,4.706,3.490401396,7.155322862,3.664921466,NA,75.89851054,8.333333333
24,433,10/12/11,2011,Fall,RP,ELE,female,85,475,71.009,71.863,0.854,30.48852266,10.15303119,-20.33549147,NA,-7.873959214,9.722222222
25,436,10/12/11,2011,Fall,RP,ELE,female,77,530,81.521,NA,NA,16.86286051,NA,NA,NA,53.89443569,9.722222222
26,4330,10/12/11,2011,Fall,RP,ELE,female,36,371,41.333,NA,NA,13.74337846,NA,NA,NA,-70.41754044,9.722222222
27,5001,10/14/11,2011,Fall,AD,ELE,male,75,473,14.864,458.824,443.96,2.501454334,35.95113438,33.44968005,97.352,-1.413465587,12.40740741
28,57,4/20/11,2011,Spring,RP,ELE,male,75,485,69.996,148.336,78.34,5.385818362,2.963725827,-2.422092535,3.978,10.58653441,4.074074072
29,58,4/20/11,2011,Spring,RP,ELE,male,70,498,9.722,13.5,3.778,4.108021513,14.46389747,10.35587596,72.851,27.81678123,4.074074072
30,64,4/20/11,2011,Spring,RP,ELE,male,45,424,6.857,18.807,11.95,7.903268871,4.375023839,-3.528245032,47.614,-25.03198471,4.074074072
31,66,4/20/11,2011,Spring,RP,ELE,male,73,482,23.825,25.081,1.256,2.563222337,41.16413014,38.6009078,63.268,9.278633138,4.074074072
32,68,4/21/11,2011,Spring,RP,ELE,male,77,475,58.758,75.114,16.356,6.708475865,18.81413911,12.10566325,45.543,-1.105564313,5.740740739
33,69,4/21/11,2011,Spring,RP,ELE,male,59,441,42.547,50.088,7.541,11.68757127,18.01596351,6.32839224,17.741,-19.87667578,5.740740739
34,70,4/22/11,2011,Spring,RP,ELE,male,54,484,5.514,16.046,10.532,13.12888584,14.27318152,1.14429568,NA,27.35357103,4.166666667
35,71,4/22/11,2011,Spring,RP,ELE,male,94,522,54.289,NA,NA,2.677651905,0,-2.677651905,33.639,31.51159652,4.166666667
36,72,4/22/11,2011,Spring,RP,ELE,male,76,500,23.341,67.643,44.302,2.544150742,4.413167029,1.869016287,75,24.74048505,4.166666667
37,75,4/22/11,2011,Spring,RP,ELE,male,59,456,23.92,48.483,24.563,15.45039909,11.72557963,-3.72481946,79.305,-4.876675784,4.166666667
38,76,4/22/11,2011,Spring,RP,ELE,male,57,575,55.624,97.414,41.79,NA,NA,NA,14.803,115.8154229,4.166666667
39,80,4/22/11,2011,Spring,RP,ELE,male,80,494,23.546,33.44,9.894,24.61041429,19.61231471,-4.99809958,51.552,15.3562876,4.166666667
40,81,4/22/11,2011,Spring,RP,ELE,male,82,494,75.085,154.133,79.048,6.119346256,5.264158115,-0.855188141,17.435,13.66418887,4.166666667
41,82,4/22/11,2011,Spring,RP,ELE,male,53,440,15.146,19.118,3.972,6.005321171,7.050551121,1.04522995,27.569,-15.80037961,4.166666667
42,83,4/22/11,2011,Spring,RP,ELE,male,45,433,5.772,8.528,2.756,3.667806918,3.173698214,-0.494108704,17.618,-16.03198471,4.166666667
43,84,4/22/11,2011,Spring,RP,ELE,male,74,500,39.556,45.926,6.37,6.784492588,7.981755986,1.197263398,53.88,26.43258378,4.166666667
44,125,4/27/11,2011,Spring,RP,ELE,female,117,581,4.269,20.717,16.448,3.696780893,6.978193146,3.281412253,NA,71.05246118,2.407407406
45,126,4/27/11,2011,Spring,RP,ELE,female,99,550,30.856,75.47,44.614,3.281412253,38.23468328,34.95327103,NA,55.28134971,2.407407406
46,127,4/27/11,2011,Spring,RP,ELE,male,73,481,59.154,43.109,-16.045,4.199923983,4.941087039,0.741163056,50.649,8.278633138,2.407407406
47,128,4/27/11,2011,Spring,RP,ELE,male,43,430,NA,12.875,NA,74.80174764,4.250461841,-70.5512858,NA,-17.33988598,2.407407406
48,129,4/27/11,2011,Spring,RP,ELE,female,81,555,12.484,17.879,5.395,34.9091931,9.726805954,-25.18238715,NA,75.51023824,2.407407406
49,131,4/28/11,2011,Spring,AD,ELE,female,113,572,20.368,124.356,103.988,NA,NA,NA,NA,65.43665863,5.370370372
50,165,5/2/11,2011,Spring,RP,ELE,male,82,530,38.241,24.862,-13.379,19.36177163,8.013961246,-11.34781038,2.6,49.66418887,4.814814817
51,166,5/2/11,2011,Spring,RP,ELE,male,100,575,80.861,121.713,40.852,10.11540761,8.60618704,-1.50922057,5.076,79.43530034,4.814814817
52,167,5/2/11,2011,Spring,RP,ELE,male,49,445,24.143,50.832,26.689,15.67468846,4.174045609,-11.50064285,20.159,-7.416182156,4.814814817
53,168,5/2/11,2011,Spring,RP,ELE,male,95,502,NA,91.835,NA,NA,NA,NA,NA,10.66554716,4.814814817
54,169,5/2/11,2011,Spring,RP,ELE,female,107,590,4.248,12.842,8.594,3.322949117,4.257528557,0.93457944,NA,88.51295481,4.814814817
55,170,5/2/11,2011,Spring,RP,ELE,female,120,590,28.493,73.583,45.09,2.180685358,5.275181724,3.094496366,NA,77.51431309,4.814814817
56,171,5/2/11,2011,Spring,RP,ELE,female,75,450,1.784,12.908,11.124,6.625129803,8.951194185,2.326064382,NA,-24.41346559,4.814814817
57,173,5/2/11,2011,Spring,RP,ELE,male,48,455,NA,67.668,NA,NA,NA,NA,NA,3.429867206,4.814814817
58,174,5/2/11,2011,Spring,RP,ELE,female,88,550,11.588,22.919,11.331,NA,NA,NA,NA,64.5878927,4.814814817
59,176,5/2/11,2011,Spring,RP,ELE,male,80,502,23.145,14.059,-9.086,15.27350324,3.677340104,-11.59616314,9.465,23.3562876,4.814814817
60,177,5/2/11,2011,Spring,RP,ELE,female,91,560,4.515,31.132,26.617,9.823468328,18.06853583,8.245067502,NA,72.04974461,4.814814817
61,180,5/2/11,2011,Spring,RP,ELE,female,128,615,11.076,20.896,9.82,NA,NA,NA,NA,95.74591819,4.814814817
62,190,5/4/11,2011,Spring,RP,ELE,female,99,560,12.76,40.894,28.134,0.098246164,0,-0.098246164,NA,65.28134971,6.574074072
63,200,5/4/11,2011,Spring,AD,ELE,female,114,600,20.94,62.329,41.389,3.779854621,7.518172378,3.738317757,NA,92.59060927,6.574074072
64,283,5/6/11,2011,Spring,RP,ELE,female,65,505,2.464,30.049,27.585,8.135663754,26.17561382,18.03995007,NA,39.04702804,12.87037037
65,288,5/6/11,2011,Spring,RP,ELE,female,106,560,7.351,11.502,4.151,10.77819392,45.40158136,34.62338744,NA,59.35900417,12.87037037
66,292,5/6/11,2011,Spring,RP,ELE,female,82,530,4.376,34.318,29.942,10.11235955,4.806491885,-5.305867665,NA,49.66418887,12.87037037
67,296,5/7/11,2011,Spring,RP,ELE,female,70,485,1.553,4.509,2.956,5.659592176,12.44277986,6.783187684,NA,14.81678123,13.42592593
68,302,5/11/11,2011,Spring,RP,ELE,female,83,514,3.248,9.357,6.109,NA,NA,NA,NA,32.81813951,6.481481483
69,303,5/11/11,2011,Spring,RP,ELE,female,100,556,4.47,8.388,3.918,NA,NA,NA,NA,60.43530034,6.481481483
70,305,5/11/11,2011,Spring,RP,ELE,female,130,615,5.897,61.205,55.308,NA,NA,NA,NA,94.05381946,6.481481483
71,328,5/17/11,2011,Spring,RP,ELE,female,123,543,21.649,27.173,5.524,7.199334166,4.993757803,-2.205576363,NA,27.976165,7.129629628
72,329,5/17/11,2011,Spring,RP,ELE,female,120,584,1.83,2.099,0.269,5.201831045,0.926040897,-4.275790148,NA,71.51431309,7.129629628
73,352,5/21/11,2011,Spring,RP,ELE,female,126,613,8.754,NA,NA,NA,NA,NA,NA,95.43801691,10.27777778
74,432,9/27/12,2012,Fall,AD,ELE,female,96,565,3.545,16.213,12.668,NA,NA,NA,NA,72.8194978,15.64814815
75,575,9/15/12,2012,Fall,RP,ELE,female,75,502,15.657,NA,NA,NA,NA,NA,NA,27.58653441,18.51851852
76,576,9/15/12,2012,Fall,RP,ELE,female,72,494,15.547,21,5.453,NA,NA,NA,NA,22.1246825,18.51851852
77,577,9/15/12,2012,Fall,RP,ELE,male,80,539,12.474,58.251,45.777,NA,NA,NA,NA,60.3562876,18.51851852
78,581,9/22/12,2012,Fall,RP,ELE,female,63,491,27.42,25.12,-2.3,NA,NA,NA,NA,26.73912677,17.22222222
79,583,9/27/12,2012,Fall,AD,ELE,male,82,559,18.922,91.016,72.094,NA,NA,NA,NA,78.66418887,15.64814815
80,584,9/27/12,2012,Fall,AD,ELE,male,73,495,23.397,19.898,-3.499,NA,NA,NA,NA,22.27863314,15.64814815
81,8,3/29/12,2012,Spring,RP,ELE,male,92,500,40.589,97.035,56.446,21.14777618,26.37015782,5.22238164,77.911,11.20369525,7.592592594
82,22,3/29/12,2012,Spring,RP,ELE,male,61,456,41.308,63.899,22.591,10.15523933,18.0465718,7.89133247,23.872,-6.568774509,7.592592594
83,32,5/13/12,2012,Spring,RP,ELE,male,43,388,28.173,37.828,9.655,65.1444548,24.13793103,-41.00652377,14.031,-59.33988598,12.68518518
84,54,4/10/12,2012,Spring,RP,ELE,male,72,490,79.929,75.817,-4.112,100,100,0,7.59,18.1246825,13.51851852
85,79,3/29/12,2012,Spring,RP,ELE,female,107,561,12.171,16.404,4.233,22.50970246,7.891332471,-14.61836999,NA,59.51295481,7.592592594
86,82,3/29/12,2012,Spring,RP,ELE,male,65,448,42.586,96.265,53.679,20.84498291,17.73842808,-3.10655483,75.825,-17.95297196,7.592592594
87,116.2,3/29/12,2012,Spring,AD,ELE,male,51,430,107.764,202.676,94.912,100,100,0,18.952,-24.10828088,7.592592594
88,128,3/29/12,2012,Spring,RP,ELE,male,69,470,13.412,24.003,10.591,12.14662939,23.33022678,11.18359739,15.76,0.662830589,7.592592594
89,138,4/4/12,2012,Spring,AD,ELE,male,61,545,54.024,62.71,8.686,86.76607642,100,13.23392358,28.645,82.43122549,9.166666667
90,177,4/10/12,2012,Spring,RP,ELE,female,127,615,35.32,61.725,26.405,100,32.39005736,-67.60994264,NA,96.59196755,13.51851852
91,206,3/31/12,2012,Spring,AD,ELE,male,73,485,31.243,68.611,37.368,70.42559801,100,29.57440199,59.338,12.27863314,12.12962963
92,212,4/4/12,2012,Spring,AD,ELE,male,65,498,39.974,81.47,41.496,100,100,0,18.337,32.04702804,9.166666667
93,288,3/29/12,2012,Spring,RP,ELE,male,61,480,48.588,81.261,32.673,12.08449829,17.98695247,5.90245418,21.825,17.43122549,7.592592594
94,462,3/29/12,2012,Spring,RP,ELE,male,72,485,27.3365,NA,NA,14.74773609,NA,NA,43.299,13.1246825,7.592592594
95,463,3/29/12,2012,Spring,RP,ELE,male,73,505,12.891,32.639,19.748,23.86934673,100,76.13065327,NA,32.27863314,7.592592594
96,464,3/29/12,2012,Spring,RP,ELE,male,49,420,6.641,22.041,15.4,63.71543958,18.35973905,-45.35570053,14.831,-32.41618216,7.592592594
97,465,3/29/12,2012,Spring,RP,ELE,male,41,391,15.924,35.144,19.22,14.44723618,19.47236181,5.02512563,34.546,-54.64778725,7.592592594
98,467,3/29/12,2012,Spring,RP,ELE,male,55,432,40.041,64.409,24.368,8.108108108,12.51941597,4.411307862,53.692,-25.49247833,7.592592594
99,469,3/29/12,2012,Spring,AD,ELE,male,53,429,18.841,106.725,87.884,21.73366834,100,78.26633166,41.943,-26.80037961,7.592592594
100,484,3/31/12,2012,Spring,AD,ELE,male,54,431,39.66,73.217,33.557,100,98.24120603,-1.75879397,27.153,-25.64642897,12.12962963
101,486,3/31/12,2012,Spring,AD,ELE,male,48,478,65.633,86.811,21.178,100,100,0,64.256,26.42986721,12.12962963
102,500,3/31/12,2012,Spring,AD,ELE,male,41,417,23.214,88.175,64.961,62.87192755,15.45924968,-47.41267787,43.891,-28.64778725,12.12962963
103,502,3/31/12,2012,Spring,AD,ELE,male,76,511,21.734,89.428,67.694,100,77.74902975,-22.25097025,47.315,35.74048505,12.12962963
104,503,3/31/12,2012,Spring,RP,ELE,male,87,554,19.822,41.308,21.486,24.62311558,100,75.37688442,32.035,69.43394206,12.12962963
105,505,3/31/12,2012,Spring,RP,ELE,male,53,454,22.983,57.401,34.418,100,100,0,70.216,-1.800379607,12.12962963
106,506,3/31/12,2012,Spring,RP,ELE,male,53,455,25.673,19.549,-6.124,32.21497359,24.57284871,-7.64212488,40.111,-0.800379607,12.12962963
107,508,3/31/12,2012,Spring,RP,ELE,male,69,459,16.383,74.799,58.416,6.209573092,8.92626132,2.716688228,18.404,-10.33716941,12.12962963
108,512,4/3/12,2012,Spring,RP,ELE,male,82,512,29.194,152.75,123.556,100,100,0,6.272,31.66418887,4.35185185
109,513,4/3/12,2012,Spring,RP,ELE,male,87,527,18.118,108.037,89.919,24.13199426,20.68866571,-3.44332855,3.864,42.43394206,4.35185185
110,514,4/3/12,2012,Spring,RP,ELE,male,59,475,NA,47.036,NA,0,0,0,18.538,14.12332422,4.35185185
111,515,4/3/12,2012,Spring,RP,ELE,male,59,456,52.948,57.611,4.663,64.3615495,100,35.6384505,65.483,-4.876675784,4.35185185
112,516,4/3/12,2012,Spring,RP,ELE,male,77,529,45.95,65.725,19.775,17.13055954,16.61406026,-0.51649928,2.44,52.89443569,4.35185185
113,517,4/3/12,2012,Spring,RP,ELE,male,43,445,29.307,107.764,78.457,20.91822095,100,79.08177905,38.188,-2.33988598,4.35185185
114,518,4/3/12,2012,Spring,RP,ELE,male,72,500,123.642,134.473,10.831,63.67288379,100,36.32711621,11.944,28.1246825,4.35185185
115,519,4/4/12,2012,Spring,AD,ELE,male,57,450,40.843,66.606,25.763,100,25.50932568,-74.49067432,38.596,-9.184577058,9.166666667
116,520,4/4/12,2012,Spring,AD,ELE,male,65,476,64.385,89.651,25.266,100,93.26959847,-6.73040153,28.037,10.04702804,9.166666667
117,521,4/4/12,2012,Spring,AD,ELE,male,65,496,105.103,175.307,70.204,100,100,0,44.127,30.04702804,9.166666667
118,524,4/4/12,2012,Spring,AD,ELE,male,37,415,26.586,28.943,2.357,3.173996176,0,-3.173996176,73.501,-27.2635898,9.166666667
119,526,4/4/12,2012,Spring,AD,ELE,male,48,448,13.684,87.032,73.348,4.244741874,6.38623327,2.141491396,13.805,-3.570132794,9.166666667
120,527,4/4/12,2012,Spring,AD,ELE,male,55,465,40.562,57.681,17.119,85.42324247,100,14.57675753,16.714,7.507521667,9.166666667
121,538,4/10/12,2012,Spring,RP,ELE,female,72,480,22.548,94.897,72.349,0,1.950286807,1.950286807,NA,8.124682501,13.51851852
122,557,5/13/12,2012,Spring,RP,ELE,female,92,515,44.027,80.538,36.511,73.86934673,51.38190955,-22.48743718,NA,26.20369525,12.68518518
123,558,5/13/12,2012,Spring,RP,ELE,female,81,487,20.168,39.316,19.148,79.12395154,100,20.87604846,NA,7.510238237,12.68518518
124,559,5/13/12,2012,Spring,RP,ELE,female,59,445,6.59,NA,NA,32.40136688,NA,NA,NA,-15.87667578,12.68518518
125,562,5/16/12,2012,Spring,RP,ELE,female,130,581,27.026,107.356,80.33,93.34170854,24.24623116,-69.09547738,NA,60.05381946,19.16666667
126,50,3/30/13,2013,Spring,AD,ELE,male,45,442,82.507,94.938,12.431,NA,NA,NA,11.667,-7.031984705,9.907407406
127,57,NA,2013,Spring,RP,ELE,male,1,NA,104.585,41.567,-63.018,69.0722048,0,-69.0722048,NA,NA,NA
128,59,4/25/13,2013,Spring,RP,ELE,male,76,507,70.654,49.89,-20.764,90.72166144,0,-90.72166144,NA,31.74048505,6.296296294
129,75,NA,2013,Spring,RP,ELE,male,1,NA,0,182.867,182.867,NA,62.11345088,NA,NA,NA,NA
130,243,4/4/13,2013,Spring,AD,ELE,female,116,577,11.929,115.428,103.499,NA,NA,NA,NA,67.89851054,10.18518518
131,432,4/6/13,2013,Spring,AD,ELE,male,49,459,42.689,106.943,64.254,NA,NA,NA,NA,6.583817844,8.333333333
132,514,4/21/13,2013,Spring,RP,ELE,male,59,499,56.779,77.354,20.575,66.95652174,2.608695652,-64.34782609,NA,38.12332422,5.462962961
133,577,4/21/13,2013,Spring,RP,ELE,male,75,539,93.792,90.39,-3.402,74.34782609,0,-74.34782609,NA,64.58653441,5.462962961
134,579,4/21/13,2013,Spring,RP,ELE,male,73,514,39.816,37.704,-2.112,14.7826087,18.04134273,3.25873403,NA,41.27863314,5.462962961
135,631,3/31/13,2013,Spring,AD,ELE,male,37,420,78.073,48.128,-29.945,NA,NA,NA,126.46,-22.2635898,9.166666667
136,633,3/31/13,2013,Spring,AD,ELE,male,48,475,123.798,121.23,-2.568,NA,NA,NA,21.798,23.42986721,9.166666667
137,634,3/31/13,2013,Spring,AD,ELE,female,81,454,153.512,210.144,56.632,NA,NA,NA,NA,-25.48976176,9.166666667
138,635,4/4/13,2013,Spring,AD,ELE,male,75,503,24.033,34.542,10.509,NA,NA,NA,53.491,28.58653441,10.18518518
139,636,4/4/13,2013,Spring,AD,ELE,male,63,511,58.212,NA,NA,NA,NA,NA,50.379,46.73912677,10.18518518
140,710,4/21/13,2013,Spring,RP,ELE,male,72,537,144.461,158.967,14.506,100,NA,NA,NA,65.1246825,5.462962961
141,711,4/21/13,2013,Spring,RP,ELE,male,81,555,93.074,82.854,-10.22,30,0,-30,NA,75.51023824,5.462962961
142,712,4/21/13,2013,Spring,RP,ELE,male,53,460,33.482,21.839,-11.643,0,0,0,NA,4.199620393,5.462962961
143,713,4/21/13,2013,Spring,RP,ELE,male,54,480,66.019,42.616,-23.403,60.86956522,0,-60.86956522,NA,23.35357103,5.462962961
144,714,4/21/13,2013,Spring,RP,ELE,male,48,432,40.013,18.126,-21.887,46.95652174,18.69565217,-28.26086957,NA,-19.57013279,5.462962961
145,719,4/25/13,2013,Spring,RP,ELE,male,23,360,14.928,9.959,-4.969,0,0,0,NA,-70.41889873,6.296296294
146,720,4/25/13,2013,Spring,RP,ELE,male,69,465,NA,110.13,NA,18.04134273,31.57225313,13.5309104,NA,-4.337169411,6.296296294
147,721,4/25/13,2013,Spring,RP,ELE,male,55,460,211.741,127.469,-84.272,58.63407393,31.57225313,-27.0618208,NA,2.507521667,6.296296294
148,722,4/25/13,2013,Spring,RP,ELE,male,46,457,69.462,98.117,28.655,0,28.86607105,28.86607105,NA,7.121965932,6.296296294
149,723,4/25/13,2013,Spring,RP,ELE,male,57,496,118.683,119.648,0.965,55.15469697,56.31448929,1.15979232,NA,36.81542294,6.296296294
150,724,4/25/13,2013,Spring,RP,ELE,male,83,510,43.101,161.08,117.979,79.51033568,31.95885057,-47.55148511,NA,28.81813951,6.296296294
151,725,4/25/13,2013,Spring,RP,ELE,male,80,500,51.44,64.248,12.808,43.55677377,68.68560736,25.12883359,NA,21.3562876,6.296296294
152,726,4/25/13,2013,Spring,RP,ELE,male,51,460,37.846,90.137,52.291,100,17.26814785,-82.73185215,NA,5.891719118,6.296296294
153,727,4/25/13,2013,Spring,RP,ELE,male,82,501,49,55.776,6.776,37.37121473,100,62.62878527,NA,20.66418887,6.296296294
154,728,4/25/13,2013,Spring,RP,ELE,male,54,461,29.971,67.374,37.403,100,43.17017633,-56.82982367,10.685,4.35357103,6.296296294
155,729,4/25/13,2013,Spring,RP,ELE,male,72,477,64.812,69.219,4.407,7.989809291,0,-7.989809291,7.63,5.124682501,6.296296294
156,730,4/25/13,2013,Spring,RP,ELE,male,45,436,NA,40.726,NA,0,32.73204545,32.73204545,53.425,-13.03198471,6.296296294
157,731,4/25/13,2013,Spring,RP,ELE,male,42,415,20.312,84.579,64.267,97.29381792,17.65474529,-79.63907263,NA,-31.49383662,6.296296294
158,732,4/25/13,2013,Spring,RP,ELE,male,55,455,37.04,167.939,130.899,100,36.59801985,-63.40198015,9.682,-2.492478333,6.296296294
159,733,4/25/13,2013,Spring,RP,ELE,male,76,522,147.546,60.995,-86.551,100,100,0,16.321,46.74048505,6.296296294
160,734,4/25/13,2013,Spring,RP,ELE,male,55,465,40.387,88.278,47.891,97.68041536,83.37631008,-14.30410528,NA,7.507521667,6.296296294
161,735,4/25/13,2013,Spring,RP,ELE,male,70,475,23.284,281.514,258.23,100,67.1392176,-32.8607824,13.628,4.816781226,6.296296294
162,740,4/28/13,2013,Spring,CM,ELE,male,84,555,40.186,25.928,-14.258,52.06191745,0,-52.06191745,14.706,72.97209015,13.42592593
163,741,4/28/13,2013,Spring,CM,ELE,male,61,460,24.874,15.56,-9.314,61.72685344,2.190847692,-59.53600575,104.417,-2.568774509,13.42592593
164,742,4/28/13,2013,Spring,CM,ELE,male,102,570,53.787,26.253,-27.534,26.54648641,57.86087905,31.31439264,46.069,72.74320162,13.42592593
165,743,4/28/13,2013,Spring,CM,ELE,female,118,599,0,8.185,8.185,24.61349921,0,-24.61349921,NA,88.20641182,13.42592593
166,744,4/28/13,2013,Spring,CM,ELE,male,89,529,33.059,62.412,29.353,48.19594305,0,-48.19594305,NA,42.74184333,13.42592593
167,745,4/28/13,2013,Spring,CM,ELE,male,49,461,11.474,17.007,5.533,20.74752481,48.96913793,28.22161312,34.741,8.583817844,13.42592593
168,746,4/28/13,2013,Spring,CM,ELE,male,106,580,62.979,112.61,49.631,100,4.123834892,-95.87616511,41.217,79.35900417,13.42592593
169,748,4/28/13,2013,Spring,CM,ELE,female,108,590,42.162,60.376,18.214,52.06191745,47.42274817,-4.63916928,NA,87.66690544,13.42592593
170,749,4/28/13,2013,Spring,CM,ELE,male,93,527,61.118,55.246,-5.872,4.897029772,0,-4.897029772,21.623,37.35764588,13.42592593
171,750,4/28/13,2013,Spring,CM,ELE,male,77,512,78.804,5.464,-73.34,100,31.18565569,-68.81434431,5.685,35.89443569,13.42592593
172,751,4/28/13,2013,Spring,CM,ELE,male,75,505,53.039,58.333,5.294,100,0,-100,8.649,30.58653441,13.42592593
173,753,4/28/13,2013,Spring,CM,ELE,male,110,589,28.936,61.758,32.822,67.1392176,0,-67.1392176,15.816,84.97480672,13.42592593
174,756,4/28/13,2013,Spring,CM,ELE,male,57,475,17.532,57.751,40.219,11.85578369,34.27843521,22.42265152,14.724,15.81542294,13.42592593
175,758,4/29/13,2013,Spring,CM,ELE,male,105,566,42.741,71.481,28.74,26.54648641,55.54129441,28.994808,14,66.20505353,13.33333333
176,759,4/29/13,2013,Spring,CM,ELE,male,102,516,57.026,70.742,13.716,25.00009665,100,74.99990335,7.999,18.74320162,13.33333333
177,760,4/29/13,2013,Spring,CM,ELE,male,84,530,33.089,56.084,22.995,50.1289303,NA,NA,19.491,47.97209015,13.33333333
178,772,4/29/13,2013,Spring,CM,ELE,male,83,530,NA,NA,NA,100,NA,NA,NA,48.81813951,13.33333333
179,7521,4/28/13,2013,Spring,CM,ELE,male,109,592,20.912,44.428,23.516,13.78877089,100,86.21122911,11.2,88.82085608,13.42592593
180,525,10/7/14,2014,Fall,RP,ELE,female,95,550,17.946,31.355,13.409,11.940991,9.41600149,-2.52498951,63.815,58.66554716,14.44444444
181,565,10/8/14,2014,Fall,RP,ELE,female,109,579,42.995,NA,NA,5.312893543,13.20348575,7.890592207,50.117,75.82085608,14.81481482
182,897,10/7/14,2014,Fall,RP,ELE,male,61,471,14.467,31.455,16.988,12.88786206,14.78160419,1.89374213,97.624,8.431225491,14.44444444
183,917,10/9/14,2014,Fall,AD,ELE,male,61,482,20.563,30.392,9.829,100,NA,NA,NA,19.43122549,15
184,930,10/8/14,2014,Fall,RP,ELE,male,43,400,85.948,85.948,0,NA,NA,NA,NA,-47.33988598,14.81481482
185,950,10/7/14,2014,Fall,RP,ELE,male,65,470,17.282,25.054,7.772,3.103527726,5.312893543,2.209365817,59.582,4.04702804,14.44444444
186,951,10/7/14,2014,Fall,RP,ELE,female,63,451,36.683,104.202,67.519,12.25661468,10.04724887,-2.20936581,1.177,-13.26087323,14.44444444
187,952,10/7/14,2014,Fall,RP,ELE,female,29,356,107.221,40.189,-67.032,0,13.83473312,13.83473312,NA,-79.4951949,14.44444444
188,953,10/7/14,2014,Fall,RP,ELE,female,42,423,NA,15.806,NA,NA,NA,NA,2.644,-23.49383662,14.44444444
189,954,10/8/14,2014,Fall,RP,ELE,male,54,457,NA,NA,NA,11.940991,4.997269855,-6.943721145,NA,0.35357103,14.81481482
190,955,10/8/14,2014,Fall,RP,ELE,male,36,385,NA,NA,NA,17.30659369,13.51910944,-3.78748425,NA,-56.41754044,14.81481482
191,956,10/8/14,2014,Fall,RP,ELE,male,19,341,NA,NA,NA,9.731625178,15.41285157,5.681226392,NA,-86.03470127,14.81481482
192,957,10/8/14,2014,Fall,RP,ELE,male,36,403,NA,NA,NA,5.94414092,13.20348575,7.25934483,NA,-38.41754044,14.81481482
193,958,10/8/14,2014,Fall,RP,ELE,male,51,441,139.965,24.242,-115.723,NA,NA,NA,NA,-13.10828088,14.81481482
194,959,10/8/14,2014,Fall,RP,ELE,male,29,365,16.854,NA,NA,NA,NA,NA,86.161,-70.4951949,14.81481482
195,960,10/8/14,2014,Fall,RP,ELE,female,45,415,NA,NA,NA,NA,NA,NA,NA,-34.03198471,14.81481482
196,962,10/8/14,2014,Fall,RP,ELE,female,30,336,0.686,2.558,1.872,8.153506737,10.36287255,2.209365813,NA,-100.3412443,14.81481482
197,963,10/8/14,2014,Fall,RP,ELE,male,70,495,NA,NA,NA,10.04724887,7.206635672,-2.840613198,NA,24.81678123,14.81481482
198,964,10/8/14,2014,Fall,RP,ELE,male,51,441,27.791,28.806,1.015,NA,NA,NA,NA,-13.10828088,14.81481482
199,968,10/8/14,2014,Fall,RP,ELE,female,37,369,7.789,14.998,7.209,10.67849624,18.25346476,7.57496852,17.389,-73.2635898,14.81481482
200,969,10/8/14,2014,Fall,RP,ELE,male,49,411,14.467,48.113,33.646,1.841032973,5.628517231,3.787484258,5.029,-41.41618216,14.81481482
201,970,10/8/14,2014,Fall,RP,ELE,male,101,549,13.197,41.113,27.916,17.30659369,11.53070252,-5.77589117,7.578,52.58925098,14.81481482
202,971,10/8/14,2014,Fall,RP,ELE,female,100,566,NA,NA,NA,4.681646167,30.51027499,25.82862882,73.948,70.43530034,14.81481482
203,972,10/8/14,2014,Fall,RP,ELE,male,69,471,10.651,NA,NA,8.153506737,17.93784107,9.784334333,40.749,1.662830589,14.81481482
204,973,10/8/14,2014,Fall,RP,ELE,male,34,379,50.392,NA,NA,8.469481154,9.100377802,0.630896648,26.806,-60.72544172,14.81481482
205,974,10/8/14,2014,Fall,RP,ELE,male,72,489,74.197,NA,NA,17.62221738,4.997269855,-12.62494753,NA,17.1246825,14.81481482
206,975,10/9/14,2014,Fall,AD,ELE,male,76,497,13.719,NA,NA,7.551114744,NA,NA,26.041,21.74048505,15
207,980,10/9/14,2014,Fall,AD,ELE,female,119,586,191.303,NA,NA,100,NA,NA,0.427,74.36036245,15
208,981,10/9/14,2014,Fall,AD,ELE,female,34,391,NA,NA,NA,29.30029385,NA,NA,NA,-48.72544172,15
209,982,10/9/14,2014,Fall,AD,ELE,female,100,520,NA,NA,NA,20.14720689,NA,NA,NA,24.43530034,15
210,984,10/9/14,2014,Fall,AD,ELE,male,43,427,31.02,NA,NA,11.62536731,NA,NA,23.493,-20.33988598,15
211,985,10/9/14,2014,Fall,AD,ELE,female,76,527,5.783,22.89,17.107,10.61233611,NA,NA,NA,51.74048505,15
212,989,10/10/14,2014,Fall,CM,ELE,female,54,464,14.631,17.386,2.755,0,18.25346476,18.25346476,26.895,7.35357103,13.61111111
213,990,10/10/14,2014,Fall,CM,ELE,male,44,419,23.951,NA,NA,4.796015514,7.522259361,2.726243847,NA,-29.18593534,13.61111111
214,991,10/10/14,2014,Fall,CM,ELE,male,51,440,4.508,90.088,85.58,11.22458038,16.35972263,5.13514225,NA,-14.10828088,13.61111111
215,992,10/10/14,2014,Fall,CM,ELE,male,54,465,4.927,23.827,18.9,10.61233611,10.04724887,-0.56508724,NA,8.35357103,13.61111111
216,993,10/10/14,2014,Fall,CM,ELE,male,65,465,4.774,66.203,61.429,8.469130425,3.734775102,-4.734355323,0.24,-0.95297196,13.61111111
217,995,10/10/14,2014,Fall,CM,ELE,female,55,438,136.722,191.287,54.565,7.522259361,16.04409894,8.521839579,NA,-19.49247833,13.61111111
218,997,10/10/14,2014,Fall,CM,ELE,female,43,432,0,56.575,56.575,12.25661468,12.88786206,0.63124738,NA,-15.33988598,13.61111111
219,998,10/10/14,2014,Fall,CM,ELE,female,63,495,70.017,198.301,128.284,4.366022479,18.56908845,14.20306597,0.163,30.73912677,13.61111111
220,999,10/14/14,2014,Fall,AD,ELE,female,96,590,124.895,147.622,22.727,17.95926739,14.78160419,-3.1776632,9.02,97.8194978,8.518518517
221,1001,10/14/14,2014,Fall,AD,ELE,female,44,413,133.45,133.45,0,16.67534632,12.88786206,-3.78748426,1.079,-35.18593534,8.518518517
222,1002,10/14/14,2014,Fall,AD,ELE,male,53,464,NA,34.455,NA,15.5102903,11.940991,-3.5692993,97.819,8.199620393,8.518518517
223,1003,10/14/14,2014,Fall,AD,ELE,male,49,461,66.93,42.995,-23.935,5.628517231,8.163359017,2.534841786,8.04,8.583817844,8.518518517
224,1007,10/14/14,2014,Fall,AD,ELE,male,80,495,NA,NA,NA,14.78160419,16.42865671,1.64705252,NA,16.3562876,8.518518517
225,83,4/8/14,2014,Spring,AD,ELE,female,73,500,85.422,143.172,57.75,15.58421885,14.64394406,-0.94027479,NA,27.27863314,8.796296294
226,228,4/14/14,2014,Spring,RP,ELE,male,NA,NA,10.884,86.108,75.224,11.2754159,9.268550304,-2.006865596,37.383,NA,3.611111111
227,508,3/29/14,2014,Spring,RP,ELE,male,82,538,47.35,30.413,-16.937,12.44996955,12.13654462,-0.31342493,8.548,57.66418887,5.277777778
228,519,4/10/14,2014,Spring,AD,ELE,male,80,542,10.063,143.172,133.109,27.70331614,20.35912332,-7.34419282,17.517,63.3562876,12.96296296
229,538,4/7/14,2014,Spring,RP,ELE,female,85,511,24.371,35.243,10.872,11.3007448,14.22604415,2.92529935,NA,28.12604079,5.092592594
230,577,4/14/14,2014,Spring,RP,ELE,male,81,556,47.35,91.959,44.609,10.15152006,13.59919429,3.44767423,21.972,76.51023824,3.611111111
231,588,3/9/14,2014,Spring,CM,ELE,male,106,581,35.243,63.589,28.346,22.79299224,11.92759466,-10.86539758,33.827,80.35900417,5.740740739
232,649,3/23/14,2014,Spring,CM,ELE,male,91,544,54.874,59.075,4.201,17.77819336,15.00773595,-2.77045741,17.659,56.04974461,2.685185183
233,654,3/23/14,2014,Spring,CM,ELE,male,86,529,47.35,68.464,21.114,14.28571429,14.74841903,0.46270474,18.546,45.27999142,2.685185183
234,660,3/9/14,2014,Spring,CM,ELE,male,106,575,43.98,73.697,29.717,11.82311969,12.6589195,0.83579981,30.955,74.35900417,5.740740739
235,664,3/9/14,2014,Spring,CM,ELE,male,88,559,43.98,114.735,70.755,6.912795782,9.942570105,3.029774323,49.332,73.5878927,5.740740739
236,670,3/9/14,2014,Spring,CM,ELE,male,91,540,37.938,91.959,54.021,16.31554368,23.4198421,7.10429842,16.387,52.04974461,5.740740739
237,672,3/15/14,2014,Spring,CM,ELE,male,95,556,91.959,98.989,7.03,8.612686952,12.55444452,3.941757568,21.788,64.66554716,6.666666667
238,686,3/23/14,2014,Spring,CM,ELE,male,101,559,106.581,123.518,16.937,30.83756544,13.15110882,-17.68645662,17.989,62.58925098,2.685185183
239,713,4/8/14,2014,Spring,RP,ELE,male,63,514,50.966,91.959,40.993,15.58421885,18.45788223,2.87366338,44.229,49.73912677,8.796296294
240,764,3/23/14,2014,Spring,CM,ELE,male,91,547,47.35,132.974,85.624,12.73852501,27.59884116,14.86031615,90.748,59.04974461,2.685185183
241,802,3/25/14,2014,Spring,CM,ELE,male,94,561,28.235,68.464,40.229,19.34531801,13.15110882,-6.19420919,154.703,70.51159652,5.925925928
242,805,3/9/14,2014,Spring,CM,ELE,male,118,570,68.464,132.974,64.51,18.71846815,28.85254088,10.13407273,44.402,59.20641182,5.740740739
243,818,3/14/14,2014,Spring,CM,ELE,female,43,420,165.925,178.639,12.714,NA,NA,NA,NA,-27.33988598,4.907407406
244,821,3/14/14,2014,Spring,CM,ELE,male,133,652,85.422,106.581,21.159,4.486848891,26.9719913,22.48514241,43.684,128.5156714,4.907407406
245,822,3/14/14,2014,Spring,CM,ELE,male,120,605,21.024,30.413,9.389,15.72975761,19.86769289,4.13793528,21.599,92.51431309,4.907407406
246,825,3/23/14,2014,Spring,CM,ELE,male,63,483,63.589,63.589,0,11.50077359,12.1196493,0.61887571,46.499,18.73912677,2.685185183
247,826,3/23/14,2014,Spring,CM,ELE,male,82,535,21.024,43.98,22.956,24.77801679,17.5692434,-7.20877339,106.655,54.66418887,2.685185183
248,830,3/23/14,2014,Spring,AD,ELE,male,42,422,32.8865,207.031,174.1445,17.98714331,13.49471931,-4.492424,22.359,-24.49383662,2.685185183
249,831,3/23/14,2014,Spring,AD,ELE,male,44,425,30.413,85.422,55.009,NA,NA,NA,18.651,-23.18593534,2.685185183
250,832,3/23/14,2014,Spring,AD,ELE,female,72,495,18.149,165.925,147.776,16.42001866,15.68869382,-0.73132484,NA,23.1246825,2.685185183
251,834,3/23/14,2014,Spring,AD,ELE,male,54,457,178.639,143.172,-35.467,56.95630961,47.86698664,-9.08932297,0.751,0.35357103,2.685185183
252,843,3/23/14,2014,Spring,AD,ELE,male,37,384,32.727,59.075,26.348,26.86751633,10.4127075,-16.45480883,29.341,-58.2635898,2.685185183
253,846,3/25/14,2014,Spring,AD,ELE,male,42,469,154.133,348.618,194.485,34.09030895,27.33034064,-6.75996831,13.367,22.50616338,5.925925928
254,862,3/25/14,2014,Spring,AD,ELE,male,42,437,59.075,165.925,106.85,20.78162134,20.14787431,-0.63374703,14.549,-9.493836617,5.925925928
255,884,3/29/14,2014,Spring,RP,ELE,male,85,558,35.243,63.589,28.346,10.56941997,12.03206964,1.46264967,0.87,75.12604079,5.277777778
256,887,4/7/14,2014,Spring,AD,ELE,male,51,443,28.235,37.938,9.703,17.36029345,NA,NA,80.849,-11.10828088,5.092592594
257,888,4/7/14,2014,Spring,AD,ELE,female,88,503,85.422,54.874,-30.548,NA,8.897820339,NA,NA,17.5878927,5.092592594
258,889,4/7/14,2014,Spring,AD,ELE,male,77,523,91.959,114.735,22.776,29.58386572,17.98714331,-11.59672241,34.506,46.89443569,5.092592594
259,891,4/7/14,2014,Spring,AD,ELE,male,51,456,68.464,98.989,30.525,23.10641717,16.62896861,-6.47744856,101.014,1.891719118,5.092592594
260,896,4/7/14,2014,Spring,RP,ELE,male,39,391,79.335,35.243,-44.092,18.50951819,10.15152006,-8.35799813,4.607,-52.95568853,5.092592594
261,897,4/7/14,2014,Spring,RP,ELE,male,49,411,10.063,37.938,27.875,10.8828449,19.86769289,8.98484799,118.758,-41.41618216,5.092592594
262,903,4/8/14,2014,Spring,RP,ELE,male,46,428,13.5,21.024,7.524,13.599155,15.06184396,1.46268896,60.14,-21.87803407,8.796296294
263,906,4/8/14,2014,Spring,RP,ELE,female,53,497,22.642,8.064,-14.578,6.733562186,16.99463103,10.26106884,NA,41.19962039,8.796296294
264,907,4/8/14,2014,Spring,RP,ELE,male,45,448,3.863,37.938,34.075,NA,NA,NA,NA,-1.031984705,8.796296294
265,908,4/8/14,2014,Spring,RP,ELE,male,44,435,13.5,40.836,27.336,26.03171651,13.81040401,-12.2213125,16.126,-13.18593534,8.796296294
266,910,4/8/14,2014,Spring,RP,ELE,female,36,385,1.842,0.292,-1.55,24.15116693,16.97913916,-7.17202777,NA,-56.41754044,8.796296294
267,915,4/8/14,2014,Spring,AD,ELE,male,41,404,73.697,79.335,5.638,20.18111782,22.68851726,2.50739944,128.175,-41.64778725,8.796296294
268,917,4/8/14,2014,Spring,AD,ELE,male,37,415,26.235,50.966,24.731,13.28576936,12.76339448,-0.52237488,20.51,-27.2635898,8.796296294
269,923,4/10/14,2014,Spring,AD,ELE,female,57,457,26.235,50.966,24.731,21.33034256,17.8241352,-3.50620736,NA,-2.184577058,12.96296296
270,932,4/14/14,2014,Spring,RP,ELE,male,NA,NA,31.28,NA,NA,NA,NA,NA,5.452,NA,3.611111111
271,933,4/14/14,2014,Spring,RP,ELE,male,NA,NA,18.076,75.731,57.655,22.36598891,23.25941207,0.89342316,12.555,NA,3.611111111
272,934,4/14/14,2014,Spring,RP,ELE,male,NA,NA,31.772,70.192,38.42,12.75415896,18.5146983,5.76053934,45.387,NA,3.611111111
273,936,4/14/14,2014,Spring,RP,ELE,male,NA,NA,NA,31.7,NA,14.65540005,16.65807117,2.00267112,11.264,NA,3.611111111
274,937,4/14/14,2014,Spring,RP,ELE,male,NA,NA,69.729,NA,NA,12.12041194,6.205439662,-5.914972278,7.175,NA,3.611111111
275,938,4/14/14,2014,Spring,RP,ELE,male,NA,NA,63.733,111.236,47.503,19.09162926,19.09162926,0,0.761,NA,3.611111111
276,939,4/14/14,2014,Spring,RP,ELE,male,NA,NA,NA,194.569,NA,16.66226565,NA,NA,7.851,NA,3.611111111
277,941,3/23/14,2014,Spring,CM,ELE,male,48,455,25.214,47.511,22.297,9.057301294,9.644146467,0.586845173,36.196,3.429867206,2.685185183
278,668,9/20/15,2015,Fall,CM,ELE,male,120,610,65.043,31.343,-33.7,NA,NA,NA,139.198,97.51431309,13.51851852
279,692,9/20/15,2015,Fall,CM,ELE,male,114,556,9.275,53.113,43.838,NA,NA,NA,NA,48.59060927,13.51851852
280,932,9/19/15,2015,Fall,RP,ELE,male,88,535,12.969,53.413,40.444,NA,NA,NA,32.012,49.5878927,11.66666667
281,950,9/12/15,2015,Fall,RP,ELE,male,80,490,29.185,41.508,12.323,NA,NA,NA,23.943,11.3562876,20.09259259
282,952,9/12/15,2015,Fall,RP,ELE,female,49,441,NA,14.33,NA,NA,NA,NA,70.587,-11.41618216,20.09259259
283,1029,9/11/15,2015,Fall,RP,ELE,male,84,487,NA,NA,NA,NA,NA,NA,NA,4.972090148,19.90740741
284,1043,9/20/15,2015,Fall,CM,ELE,male,102,540,76.373,22.576,-53.797,NA,NA,NA,136.911,42.74320162,13.51851852
285,1128,9/20/15,2015,Fall,CM,ELE,male,92,500,27.341,110.452,83.111,NA,NA,NA,131.441,11.20369525,13.51851852
286,1159,9/12/15,2015,Fall,RP,ELE,male,89,510,19.833,4.355,-15.478,NA,NA,NA,0.162,23.74184333,20.09259259
287,1161,9/12/15,2015,Fall,RP,ELE,female,82,500,1.973,45.257,43.284,NA,NA,NA,NA,19.66418887,20.09259259
288,1163,9/12/15,2015,Fall,RP,ELE,male,80,490,28.336,73.517,45.181,NA,NA,NA,24.446,11.3562876,20.09259259
289,1164,9/12/15,2015,Fall,RP,ELE,male,63,460,10.743,48.796,38.053,NA,NA,NA,55.373,-4.260873234,20.09259259
290,1165,9/12/15,2015,Fall,RP,ELE,female,54,445,22.003,32.639,10.636,NA,NA,NA,NA,-11.64642897,20.09259259
291,1168,9/12/15,2015,Fall,RP,ELE,male,65,471,70.95,70.318,-0.632,NA,NA,NA,38.068,5.04702804,20.09259259
292,1169,9/12/15,2015,Fall,RP,ELE,male,85,527,11.194,42.348,31.154,NA,NA,NA,35.807,44.12604079,20.09259259
293,1171,9/19/15,2015,Fall,AD,ELE,female,96,533,35.338,76.621,41.283,NA,NA,NA,NA,40.8194978,11.66666667
294,1172,9/19/15,2015,Fall,RP,ELE,female,133,580,7.154,18.914,11.76,NA,NA,NA,NA,56.51567137,11.66666667
295,1173,9/19/15,2015,Fall,RP,ELE,female,75,490,NA,6.16,NA,NA,NA,NA,NA,15.58653441,11.66666667
296,1177,9/20/15,2015,Fall,CM,ELE,female,92,534,164.556,38.881,-125.675,NA,NA,NA,NA,45.20369525,13.51851852
297,1178,9/20/15,2015,Fall,CM,ELE,male,99,543,96.768,38.881,-57.887,NA,NA,NA,130.89,48.28134971,13.51851852
298,1179,9/20/15,2015,Fall,CM,ELE,male,72,465,22.707,17.655,-5.052,NA,NA,NA,132.135,-6.875317499,13.51851852
299,1184,9/20/15,2015,Fall,CM,ELE,female,132,593,9.682,155.397,145.715,NA,NA,NA,NA,70.36172074,13.51851852
300,1185,9/20/15,2015,Fall,CM,ELE,male,86,512,30.332,7.392,-22.94,NA,NA,NA,135.575,28.27999142,13.51851852
301,1187,9/20/15,2015,Fall,CM,ELE,male,81,490,66.643,NA,NA,NA,NA,NA,7.309,10.51023824,13.51851852
302,1195,10/12/15,2015,Fall,AD,ELE,female,48,450,5.324,68.68,63.356,NA,NA,NA,NA,-1.570132794,11.38888889
303,1197,10/12/15,2015,Fall,AD,ELE,female,100,550,13.012,16.619,3.607,NA,NA,NA,NA,54.43530034,11.38888889
304,1199,10/12/15,2015,Fall,AD,ELE,male,46,455,105.683,69.913,-35.77,NA,NA,NA,27.205,5.121965932,11.38888889
305,1201,10/12/15,2015,Fall,AD,ELE,male,85,520,43.862,8.837,-35.025,NA,NA,NA,22.023,37.12604079,11.38888889
306,1202,10/12/15,2015,Fall,AD,ELE,female,126,590,NA,16.593,NA,NA,NA,NA,NA,72.43801691,11.38888889
307,83,3/31/15,2015,Spring,AD,ELE,female,104,545,122.2,88.385,-33.815,28.79478827,26.31921824,-2.47557003,NA,46.05110289,11.75925926
308,525,3/29/15,2015,Spring,RP,ELE,female,91,550,15.225,34.273,19.048,18.03952099,16.1943677,-1.84515329,NA,62.04974461,9.35185185
309,597,3/22/15,2015,Spring,AD,ELE,male,61,440,NA,21.374,NA,NA,15.23549319,NA,NA,-22.56877451,10.09259259
310,688,3/30/15,2015,Spring,CM,ELE,male,108,601,7.405,98.978,91.573,19.59532538,20.12602483,0.53069945,0.171,98.66690544,8.888888889
311,753,3/30/15,2015,Spring,CM,ELE,male,125,609,NA,NA,NA,NA,NA,NA,NA,92.28406628,8.888888889
312,760,3/30/15,2015,Spring,CM,ELE,male,89,545,56.125,100.105,43.98,21.5635179,20.9120521,-0.6514658,25,58.74184333,8.888888889
313,788,3/30/15,2015,Spring,CM,ELE,male,88,543,56.847,169.718,112.871,29.13486305,19.86970684,-9.26515621,3.557,57.5878927,8.888888889
314,789,3/30/15,2015,Spring,CM,ELE,male,84,523,59.053,54.249,-4.804,27.27651155,21.02006152,-6.25645003,1.172,40.97209015,8.888888889
315,821,3/30/15,2015,Spring,CM,ELE,male,131,657,NA,NA,NA,NA,NA,NA,NA,135.2077701,8.888888889
316,826,3/30/15,2015,Spring,CM,ELE,male,91,544,NA,NA,NA,NA,NA,NA,NA,56.04974461,8.888888889
317,869,3/29/15,2015,Spring,RP,ELE,male,46,405,NA,NA,NA,17.51789503,NA,NA,NA,-44.87803407,9.35185185
318,874,3/29/15,2015,Spring,RP,ELE,male,72,435,44.699,68.871,24.172,13.73610682,NA,NA,6.062,-36.8753175,9.35185185
319,882,3/30/15,2015,Spring,CM,ELE,male,93,510,96.797,107.221,10.424,11.32358675,16.86586258,5.54227583,4.045,20.35764588,8.888888889
320,905,4/11/15,2015,Spring,RP,ELE,female,96,570,NA,NA,NA,22.34527687,29.44458829,7.09931142,NA,77.8194978,9.629629628
321,920,3/29/15,2015,Spring,RP,ELE,male,42,380,4.662,37.5,32.838,12.48671959,13.21448086,0.72776127,3.09,-66.49383662,9.35185185
322,934,3/29/15,2015,Spring,RP,ELE,male,84,495,35.054,NA,NA,14.71415549,14.19252953,-0.52162596,3.477,12.97209015,9.35185185
323,953,3/29/15,2015,Spring,RP,ELE,male,72,470,24.242,NA,NA,22.34293516,17.84391126,-4.4990239,16.147,-1.875317499,9.35185185
324,962,3/29/15,2015,Spring,RP,ELE,male,83,504,NA,NA,NA,NA,16.08342364,NA,1.192,22.81813951,9.35185185
325,963,3/29/15,2015,Spring,RP,ELE,male,57,465,NA,NA,NA,23.86953381,28.39152245,4.52198864,NA,5.815422942,9.35185185
326,963,4/11/15,2015,Spring,RP,ELE,male,63,492,NA,NA,NA,NA,NA,NA,NA,27.73912677,9.629629628
327,965,4/11/15,2015,Spring,RP,ELE,male,53,410,NA,96.772,NA,41.1,25.71918785,-15.38081215,NA,-45.80037961,9.629629628
328,971,3/29/15,2015,Spring,RP,ELE,female,95,530,NA,NA,NA,12.56244841,15.56179768,2.99934927,NA,38.66554716,9.35185185
329,1010,3/22/15,2015,Spring,AD,ELE,male,63,450,NA,NA,NA,44.96060304,26.038,-18.92260304,77.956,-14.26087323,10.09259259
330,1011,3/21/15,2015,Spring,AD,ELE,male,46,450,102.555,102.973,0.418,38.3763314,40.53464053,2.15830913,NA,0.121965932,9.537037039
331,1012,3/21/15,2015,Spring,AD,ELE,male,39,395,50.392,NA,NA,67.16612378,84.97763265,17.81150887,NA,-48.95568853,9.537037039
332,1013,3/31/15,2015,Spring,AD,ELE,male,41,440,82.806,124.665,41.859,NA,NA,NA,NA,-5.647787255,11.75925926
333,1014,3/21/15,2015,Spring,AD,ELE,male,70,450,38.55,52.811,14.261,13.76521894,22.01,8.24478106,2.7,-20.18321877,9.537037039
334,1017,3/21/15,2015,Spring,AD,ELE,male,44,430,96.456,NA,NA,NA,NA,NA,NA,-18.18593534,9.537037039
335,1017,3/31/15,2015,Spring,AD,ELE,male,NA,440,NA,NA,NA,34.86045819,34.28513348,-0.57532471,NA,NA,11.75925926
336,1020,3/22/15,2015,Spring,AD,ELE,female,34,365,5.049,38.821,33.772,25.97488772,17.79249188,-8.18239584,29.124,-74.72544172,10.09259259
337,1023,3/22/15,2015,Spring,AD,ELE,male,46,390,NA,38.701,NA,NA,34.02943361,NA,NA,-59.87803407,10.09259259
338,1024,3/22/15,2015,Spring,AD,ELE,male,53,435,NA,78.058,NA,NA,22.06,NA,NA,-20.80037961,10.09259259
339,1026,3/29/15,2015,Spring,RP,ELE,female,132,650,31.659,27.279,-4.38,16.89754234,18.11211672,1.21457438,NA,127.3617207,9.35185185
340,1028,3/29/15,2015,Spring,RP,ELE,male,45,435,28.421,35.056,6.635,16.96146731,25.33563804,8.37417073,3.608,-14.03198471,9.35185185
341,1029,3/29/15,2015,Spring,RP,ELE,male,41,375,29.301,29.906,0.605,16.83361737,19.80000861,2.96639124,18.612,-70.64778725,9.35185185
342,1033,3/29/15,2015,Spring,RP,ELE,male,46,440,40.57,53.929,13.359,16.83361737,12.74241946,-4.09119791,0.184,-9.878034068,9.35185185
343,1035,3/29/15,2015,Spring,RP,ELE,male,75,465,NA,NA,NA,NA,NA,NA,NA,-9.413465587,9.35185185
344,1036,3/29/15,2015,Spring,RP,ELE,male,75,495,NA,NA,NA,NA,NA,NA,NA,20.58653441,9.35185185
345,1037,3/29/15,2015,Spring,RP,ELE,male,45,380,NA,NA,NA,16.99626907,14.51854576,-2.47772331,NA,-69.03198471,9.35185185
346,1038,3/29/15,2015,Spring,RP,ELE,male,61,480,NA,NA,NA,NA,NA,NA,NA,17.43122549,9.35185185
347,1040,3/30/15,2015,Spring,CM,ELE,male,77,495,88.385,61.437,-26.948,18.04560261,22.14983713,4.10423452,5.648,18.89443569,8.888888889
348,1041,3/30/15,2015,Spring,CM,ELE,male,77,505,59.023,65.045,6.022,NA,28.01302932,NA,1.845,28.89443569,8.888888889
349,1042,3/30/15,2015,Spring,CM,ELE,male,70,495,38.996,98.485,59.489,20.46255608,31.46579805,11.00324197,8.369,24.81678123,8.888888889
350,1043,3/30/15,2015,Spring,CM,ELE,male,94,560,47.628,NA,NA,17.06840391,7.15057907,-9.91782484,15.683,69.51159652,8.888888889
351,1044,3/30/15,2015,Spring,CM,ELE,male,81,501,117.042,92.506,-24.536,23.25732899,21.88925081,-1.36807818,22.959,21.51023824,8.888888889
352,1045,3/30/15,2015,Spring,CM,ELE,male,65,486,32.935,27.621,-5.314,23.37397342,24.48898431,1.11501089,11.619,20.04702804,8.888888889
353,1046,3/30/15,2015,Spring,CM,ELE,male,44,427,84.447,81.157,-3.29,30.29315961,29.45008887,-0.84307074,7.918,-21.18593534,8.888888889
354,1047,3/30/15,2015,Spring,CM,ELE,male,96,547,82.209,108.312,26.103,15.56889714,14.2019544,-1.36694274,NA,54.8194978,8.888888889
355,1049,3/30/15,2015,Spring,CM,ELE,male,42,420,29.043,24.517,-4.526,17.79891893,23.12619322,5.32727429,24.637,-26.49383662,8.888888889
356,1050,3/30/15,2015,Spring,CM,ELE,male,69,502,37.315,119.336,82.021,29.05537459,29.0588694,0.00349481,26.184,32.66283059,8.888888889
357,1051,3/30/15,2015,Spring,CM,ELE,male,48,435,29.257,37.087,7.83,20.52450113,21.04234528,0.51784415,21.583,-16.57013279,8.888888889
358,1111,3/30/15,2015,Spring,CM,ELE,male,88,509,NA,NA,NA,NA,NA,NA,NA,23.5878927,8.888888889
359,1113,3/30/15,2015,Spring,CM,ELE,female,128,591,37.5,54.249,16.749,16.15635179,29.1968081,13.04045631,NA,71.74591819,8.888888889
360,1116,3/30/15,2015,Spring,CM,ELE,male,89,560,NA,NA,NA,NA,NA,NA,NA,73.74184333,8.888888889
361,1117,3/30/15,2015,Spring,CM,ELE,male,86,519,NA,NA,NA,NA,NA,NA,NA,35.27999142,8.888888889
362,1118,3/30/15,2015,Spring,CM,ELE,male,51,425,NA,NA,NA,NA,NA,NA,NA,-29.10828088,8.888888889
363,1119,3/30/15,2015,Spring,CM,ELE,male,57,453,11.602,118.876,107.274,NA,NA,NA,0.163,-6.184577058,8.888888889
364,1119,3/31/15,2015,Spring,AD,ELE,female,72,495,NA,NA,NA,NA,NA,NA,NA,23.1246825,11.75925926
365,1121,3/30/15,2015,Spring,CM,ELE,male,81,515,60.03,42.491,-17.539,NA,NA,NA,26.528,35.51023824,8.888888889
366,1121,3/31/15,2015,Spring,AD,ELE,male,45,425,NA,NA,NA,NA,NA,NA,NA,-24.03198471,11.75925926
367,1122,3/30/15,2015,Spring,CM,ELE,male,80,510,22.632,187.025,164.393,NA,NA,NA,7.918,31.3562876,8.888888889
368,1122,3/31/15,2015,Spring,AD,ELE,male,51,440,NA,NA,NA,NA,NA,NA,NA,-14.10828088,11.75925926
369,1123,3/30/15,2015,Spring,CM,ELE,male,77,500,12.26,12.131,-0.129,NA,NA,NA,15.785,23.89443569,8.888888889
370,1123,3/31/15,2015,Spring,AD,ELE,male,39,405,NA,NA,NA,NA,NA,NA,NA,-38.95568853,11.75925926
371,1124,3/30/15,2015,Spring,CM,ELE,male,41,403,119.135,196.026,76.891,NA,NA,NA,0.322,-42.64778725,8.888888889
372,1124,3/31/15,2015,Spring,AD,ELE,male,44,461,NA,NA,NA,NA,NA,NA,NA,12.81406466,11.75925926
373,1125,3/30/15,2015,Spring,CM,ELE,male,78,518,6.641,15.776,9.135,NA,NA,NA,NA,41.04838632,8.888888889
374,1126,3/30/15,2015,Spring,CM,ELE,male,77,504,26.329,13.544,-12.785,NA,NA,NA,NA,27.89443569,8.888888889
375,1127,3/30/15,2015,Spring,CM,ELE,male,89,539,133.388,126.334,-7.054,NA,NA,NA,0.164,52.74184333,8.888888889
376,1127,3/31/15,2015,Spring,AD,ELE,male,57,475,NA,NA,NA,NA,NA,NA,NA,15.81542294,11.75925926
377,1128,3/31/15,2015,Spring,CM,ELE,male,83,502,NA,8.343,NA,NA,NA,NA,NA,20.81813951,11.75925926
378,1129,3/30/15,2015,Spring,CM,ELE,male,80,513,4.177,11.474,7.297,NA,NA,NA,0.191,34.3562876,8.888888889
379,1131,3/30/15,2015,Spring,CM,ELE,male,41,385,26.74,NA,NA,NA,NA,NA,18.81,-60.64778725,8.888888889
380,1132,3/30/15,2015,Spring,CM,ELE,male,78,504,18.052,34.08,16.028,NA,NA,NA,0.297,27.04838632,8.888888889
381,1133,3/30/15,2015,Spring,CM,ELE,male,81,498,15.645,19.433,3.788,NA,NA,NA,0.352,18.51023824,8.888888889
382,1134,3/30/15,2015,Spring,CM,ELE,male,45,429,NA,NA,NA,NA,NA,NA,NA,-20.03198471,8.888888889
383,1135,3/30/15,2015,Spring,CM,ELE,male,39,436,5.751,NA,NA,NA,NA,NA,0.165,-7.955688529,8.888888889
384,1136,3/30/15,2015,Spring,CM,ELE,male,39,416,NA,NA,NA,NA,NA,NA,NA,-27.95568853,8.888888889
385,1136,3/31/15,2015,Spring,AD,ELE,male,48,404,NA,NA,NA,NA,NA,NA,NA,-47.57013279,11.75925926
386,1137,3/30/15,2015,Spring,CM,ELE,male,63,498,34.453,131.556,97.103,NA,NA,NA,0.325,33.73912677,8.888888889
387,1138,3/30/15,2015,Spring,CM,ELE,male,41,385,15.305,21.787,6.482,NA,NA,NA,0.785,-60.64778725,8.888888889
388,1139,3/31/15,2015,Spring,AD,ELE,male,39,441,NA,NA,NA,NA,NA,NA,NA,-2.955688529,11.75925926
389,1139,3/29/15,2015,Spring,RP,ELE,male,48,395,NA,NA,NA,NA,NA,NA,NA,-56.57013279,9.35185185
390,1141,3/31/15,2015,Spring,AD,ELE,male,46,486,NA,NA,NA,NA,NA,NA,NA,36.12196593,11.75925926
391,1142,3/31/15,2015,Spring,AD,ELE,female,51,430,NA,NA,NA,NA,NA,NA,NA,-24.10828088,11.75925926
392,1143,3/31/15,2015,Spring,AD,ELE,male,55,456,NA,NA,NA,NA,NA,NA,NA,-1.492478333,11.75925926
393,1144,3/31/15,2015,Spring,AD,ELE,male,57,491,NA,NA,NA,NA,NA,NA,NA,31.81542294,11.75925926
394,1145,4/11/15,2015,Spring,RP,ELE,male,49,440,5.024,NA,NA,9.432692646,19.34358589,9.910893244,0.164,-12.41618216,9.629629628
395,1146,4/11/15,2015,Spring,RP,ELE,female,120,595,9.351,52.742,43.391,27.7101269,20.83422637,-6.87590053,0.142,82.51431309,9.629629628
396,1147,4/13/15,2015,Spring,AD,ELE,female,100,554,NA,NA,NA,20.78175896,32.54184078,11.76008182,NA,58.43530034,8.14814815
397,1148,4/11/15,2015,Spring,RP,ELE,male,82,500,39.453,93.448,53.995,25.08143322,15.75740741,-9.32402581,6.597,19.66418887,9.629629628
398,1149,4/11/15,2015,Spring,RP,ELE,male,45,434,133.795,NA,NA,21.6286645,19.60912052,-2.01954398,NA,-15.03198471,9.629629628
399,1151,4/11/15,2015,Spring,RP,ELE,male,83,560,NA,NA,NA,NA,NA,NA,NA,78.81813951,9.629629628
400,1152,4/11/15,2015,Spring,RP,ELE,male,73,507,NA,NA,NA,NA,NA,NA,NA,34.27863314,9.629629628
401,1153,4/13/15,2015,Spring,AD,ELE,male,44,433,103.648,163.239,59.591,NA,15.13528179,NA,7.2,-15.18593534,8.14814815
402,1155,4/13/15,2015,Spring,AD,ELE,male,42,443,129.085,183.655,54.57,25.43,28.99366616,3.56366616,0.19,-3.493836617,8.14814815
403,10471,3/30/15,2015,Spring,CM,ELE,male,70,495,72.496,49.837,-22.659,18.30618893,23.12619322,4.82000429,24.285,24.81678123,8.888888889
404,692,3/20/16,2016,Spring,CM,ELE,male,109,535,NA,NA,NA,NA,NA,NA,NA,31.82085608,4.444444444
405,760,3/20/16,2016,Spring,CM,ELE,male,111,542,NA,NA,NA,NA,NA,NA,NA,37.12875735,4.444444444
406,1051,3/12/16,2016,Spring,CM,ELE,male,65,475,NA,NA,NA,NA,NA,NA,NA,9.04702804,10.83333333
407,1128,3/12/16,2016,Spring,CM,ELE,male,86,511,NA,NA,NA,NA,NA,NA,NA,27.27999142,10.83333333
408,1161,3/20/16,2016,Spring,CM,ELE,male,87,510,NA,NA,NA,NA,NA,NA,NA,25.43394206,4.444444444
409,1161,3/12/16,2016,Spring,CM,ELE,male,86,521,NA,NA,NA,NA,NA,NA,NA,37.27999142,10.83333333
410,1164,3/12/16,2016,Spring,CM,ELE,male,78,485,NA,NA,NA,NA,NA,NA,NA,8.048386325,10.83333333
411,1167,3/12/16,2016,Spring,CM,ELE,male,70,490,NA,NA,NA,NA,NA,NA,NA,19.81678123,10.83333333
412,1168,3/12/16,2016,Spring,CM,ELE,male,87,500,NA,NA,NA,NA,NA,NA,NA,15.43394206,10.83333333
413,1173,3/20/16,2016,Spring,CM,ELE,male,65,472,NA,NA,NA,NA,NA,NA,NA,6.04702804,4.444444444
414,1174,3/20/16,2016,Spring,CM,ELE,male,80,512,NA,NA,NA,NA,NA,NA,NA,33.3562876,4.444444444
415,1175,3/20/16,2016,Spring,CM,ELE,male,73,486,NA,NA,NA,NA,NA,NA,NA,13.27863314,4.444444444
416,1176,3/20/16,2016,Spring,CM,ELE,male,76,470,NA,NA,NA,NA,NA,NA,NA,-5.25951495,4.444444444
417,1177,3/20/16,2016,Spring,CM,ELE,male,72,459,NA,NA,NA,NA,NA,NA,NA,-12.8753175,4.444444444
418,1178,3/20/16,2016,Spring,CM,ELE,male,44,413,NA,NA,NA,NA,NA,NA,NA,-35.18593534,4.444444444
419,1179,3/20/16,2016,Spring,CM,ELE,male,85,504,NA,NA,NA,NA,NA,NA,NA,21.12604079,4.444444444
420,1181,3/20/16,2016,Spring,CM,ELE,male,109,598,NA,NA,NA,NA,NA,NA,NA,94.82085608,4.444444444
421,1186,4/2/16,2016,Spring,AD,ELE,male,49,492,NA,NA,NA,NA,NA,NA,NA,39.58381784,6.388888889
422,1187,4/2/16,2016,Spring,AD,ELE,male,46,416,NA,NA,NA,NA,NA,NA,NA,-33.87803407,6.388888889
423,1189,4/2/16,2016,Spring,AD,ELE,male,43,423,NA,NA,NA,NA,NA,NA,NA,-24.33988598,6.388888889
424,1194,4/2/16,2016,Spring,AD,ELE,male,46,426,NA,NA,NA,NA,NA,NA,NA,-23.87803407,6.388888889
425,1197,4/2/16,2016,Spring,AD,ELE,male,43,423,35.453,31.355,-4.098,NA,NA,NA,NA,-24.33988598,6.388888889
426,1199,4/2/16,2016,Spring,AD,ELE,male,43,383,9.244,15.305,6.061,NA,NA,NA,0.169,-64.33988598,6.388888889
427,2196,4/2/16,2016,Spring,AD,ELE,male,55,513,11.991,NA,NA,NA,NA,NA,86.577,55.50752167,6.388888889
428,422,10/10/11,2011,Fall,AD,SIR,male,74,465,18.004,NA,NA,3.606748109,NA,NA,1.254,-8.567416224,8.333333333
429,425,10/10/11,2011,Fall,AD,SIR,female,61,435,26.452,20.07,-6.382,4.595695172,6.050029087,1.454333915,NA,-27.56877451,8.333333333
430,428,10/10/11,2011,Fall,AD,SIR,male,51,397,17.508,20.433,2.925,5.264688773,5.99185573,0.727166957,147.232,-57.10828088,8.333333333
431,430,10/10/11,2011,Fall,AD,SIR,male,53,425,11.915,31.7,19.785,2.937754508,4.595695172,1.657940664,101.133,-30.80037961,8.333333333
432,431,10/10/11,2011,Fall,AD,SIR,male,61,466,7.26,10.456,3.196,6.457242583,4.27574171,-2.181500873,102.501,3.431225491,8.333333333
433,448,10/14/11,2011,Fall,AD,SIR,male,94,524,5.627,6.67,1.043,17.1611402,3.461314718,-13.69982548,27.967,33.51159652,12.40740741
434,449,10/14/11,2011,Fall,AD,SIR,male,70,486,10.935,35.48,24.545,3.868528214,2.705061082,-1.163467132,105.887,15.81678123,12.40740741
435,450,10/14/11,2011,Fall,AD,SIR,male,51,432,8.495,43.922,35.427,53.83944154,1.687027341,-52.1524142,148.456,-22.10828088,12.40740741
436,451,10/14/11,2011,Fall,AD,SIR,male,91,457,4.406,32.098,27.692,5.235602094,11.98371146,6.748109366,34.235,-30.95025539,12.40740741
437,452,10/14/11,2011,Fall,AD,SIR,male,83,484,8.808,13.009,4.201,3.228621291,13.37987202,10.15125073,145.349,2.818139511,12.40740741
438,453,10/14/11,2011,Fall,AD,SIR,female,106,545,13.633,45.894,32.261,6.602675974,3.577661431,-3.025014543,NA,44.35900417,12.40740741
439,27,4/19/11,2011,Spring,AD,SIR,male,62,445,38.747,38.896,0.149,4.55385245,11.23387917,6.68002672,4.551,-18.41482387,5.370370372
440,146,3/29/12,2012,Spring,AD,SIR,male,57,465,37.454,105.024,67.57,8.793969849,15.95477387,7.160804021,28.438,5.815422942,7.592592594
441,148,3/31/12,2012,Spring,AD,SIR,male,65,460,51.737,75.181,23.444,17.98695247,14.75613545,-3.23081702,30.513,-5.95297196,12.12962963
442,252,3/29/12,2012,Spring,AD,SIR,male,57,456,79.122,77.676,-1.446,9.784791966,11.96556671,2.180774744,14.145,-3.184577058,7.592592594
443,471,3/29/12,2012,Spring,AD,SIR,male,49,394,21.677,19.403,-2.274,16.08040201,12.43718593,-3.64321608,45.906,-58.41618216,7.592592594
444,472,3/29/12,2012,Spring,AD,SIR,male,80,466,15.509,69.045,53.536,60.09055627,100,39.90944373,25.624,-12.6437124,7.592592594
445,473,3/29/12,2012,Spring,AD,SIR,male,77,489,51.28,88.385,37.105,18.75808538,16.62354463,-2.13454075,4.737,12.89443569,7.592592594
446,476,3/29/12,2012,Spring,AD,SIR,male,57,460,15.964,20.884,4.92,17.92482137,16.24728176,-1.67753961,13.414,0.815422942,7.592592594
447,477,3/29/12,2012,Spring,AD,SIR,male,72,490,55.768,78.804,23.036,19.31133429,19.42611191,0.11477762,22.78,18.1246825,7.592592594
448,487,3/31/12,2012,Spring,AD,SIR,male,54,469,86.591,88.961,2.37,19.59896507,20.50452781,0.90556274,10.91,12.35357103,12.12962963
449,528,4/4/12,2012,Spring,AD,SIR,male,51,431,12.115,93.923,81.808,11.28107075,0,-11.28107075,16.463,-23.10828088,9.166666667
450,530,4/10/12,2012,Spring,AD,SIR,male,44,460,24.212,42.216,18.004,0,0,0,2.685,11.81406466,13.51851852
451,522,3/30/13,2013,Spring,AD,SIR,male,59,508,98.978,93.211,-5.767,NA,NA,NA,7.971,47.12332422,9.907407406
452,587,4/26/13,2013,Spring,AD,SIR,male,93,573,168.682,114.053,-54.629,0,82.6031152,82.6031152,42.334,83.35764588,8.703703706
453,620,3/30/13,2013,Spring,AD,SIR,male,50,453,125.371,178.598,53.227,NA,NA,NA,12.441,-0.262231519,9.907407406
454,621,3/30/13,2013,Spring,AD,SIR,male,63,470,137.075,107.764,-29.311,NA,NA,NA,9.01,5.739126766,9.907407406
455,622,3/30/13,2013,Spring,AD,SIR,male,43,435,44.699,123.333,78.634,NA,NA,NA,8.153,-12.33988598,9.907407406
456,623,3/30/13,2013,Spring,AD,SIR,male,59,480,96.9,86.481,-10.419,NA,NA,NA,34.031,19.12332422,9.907407406
457,624,3/30/13,2013,Spring,AD,SIR,male,61,442,62.412,49.498,-12.914,NA,NA,NA,85.464,-20.56877451,9.907407406
458,625,3/30/13,2013,Spring,AD,SIR,male,54,480,55.485,75.114,19.629,NA,NA,NA,4.496,23.35357103,9.907407406
459,627,3/30/13,2013,Spring,AD,SIR,male,44,460,NA,69.972,NA,NA,NA,NA,NA,11.81406466,9.907407406
460,628,3/30/13,2013,Spring,AD,SIR,female,69,490,NA,426.257,NA,NA,NA,NA,NA,20.66283059,9.907407406
461,637,4/4/13,2013,Spring,AD,SIR,female,84,558,NA,114.706,NA,NA,NA,NA,NA,75.97209015,10.18518518
462,639,4/4/13,2013,Spring,AD,SIR,male,34,391,NA,39.147,NA,NA,NA,NA,2.091,-48.72544172,10.18518518
463,642,4/6/13,2013,Spring,AD,SIR,male,46,415,15.863,12.34,-3.523,NA,NA,NA,2.286,-34.87803407,8.333333333
464,643,4/6/13,2013,Spring,AD,SIR,male,44,424,69.928,53.325,-16.603,NA,NA,NA,9.906,-24.18593534,8.333333333
465,644,4/6/13,2013,Spring,AD,SIR,male,41,417,33.355,47.432,14.077,NA,NA,NA,0.906,-28.64778725,8.333333333
466,645,4/6/13,2013,Spring,AD,SIR,male,46,430,34.576,50.832,16.256,NA,NA,NA,28.994,-19.87803407,8.333333333
467,747,4/28/13,2013,Spring,CM,SIR,male,77,518,48.113,63.675,15.562,0,0,0,5.569,41.89443569,13.42592593
468,836,10/9/14,2014,Fall,AD,SIR,male,57,445,18.016,116.352,98.336,16.35972263,NA,NA,NA,-14.18457706,15
469,929,10/14/14,2014,Fall,AD,SIR,male,78,493,23.7,34.08,10.38,9.100377802,11.940991,2.840613198,NA,16.04838632,8.518518517
470,976,10/9/14,2014,Fall,AD,SIR,male,70,466,35.969,NA,NA,NA,NA,NA,NA,-4.183218774,15
471,978,10/9/14,2014,Fall,AD,SIR,female,109,560,62.871,NA,NA,20.46283058,NA,NA,NA,56.82085608,15
472,979,10/9/14,2014,Fall,AD,SIR,male,46,431,29.257,NA,NA,17.62221738,NA,NA,89.887,-18.87803407,15
473,983,10/9/14,2014,Fall,AD,SIR,male,51,430,NA,NA,NA,16.35972263,NA,NA,NA,-24.10828088,15
474,988,10/9/14,2014,Fall,AD,SIR,male,77,497,11.882,33.753,21.871,11.30974362,NA,NA,39.107,20.89443569,15
475,1000,10/14/14,2014,Fall,AD,SIR,female,77,497,75.373,75.188,-0.185,NA,NA,NA,5.624,20.89443569,8.518518517
476,1004,10/14/14,2014,Fall,AD,SIR,male,54,476,92.506,NA,NA,9.387847563,3.571526968,-5.816320595,0.16,19.35357103,8.518518517
477,1005,10/14/14,2014,Fall,AD,SIR,male,49,448,NA,NA,NA,8.153506737,10.61233611,2.458829373,NA,-4.416182156,8.518518517
478,1006,10/14/14,2014,Fall,AD,SIR,male,63,470,NA,NA,NA,5.94414092,14.78160419,8.83746327,NA,5.739126766,8.518518517
479,1008,10/14/14,2014,Fall,AD,SIR,male,119,575,NA,NA,NA,3.419151414,NA,NA,NA,63.36036245,8.518518517
480,1009,10/14/14,2014,Fall,AD,SIR,female,32,336,NA,NA,NA,13.20348575,NA,NA,NA,-102.033343,8.518518517
481,27,3/23/14,2014,Spring,AD,SIR,female,116,612,12.556,106.581,94.025,100,99.58210009,-0.41789991,NA,102.8985105,2.685185183
482,811,3/14/14,2014,Spring,CM,SIR,male,82,507,114.735,0,-114.735,12.96540797,16.00211875,3.03671078,15.559,26.66418887,4.907407406
483,813,3/14/14,2014,Spring,CM,SIR,male,87,530,114.735,106.581,-8.154,NA,NA,NA,8.922,45.43394206,4.907407406
484,814,3/14/14,2014,Spring,CM,SIR,male,84,537,28.235,68.464,40.229,19.33986591,5.1057246,-14.23414131,37.339,54.97209015,4.907407406
485,816,3/14/14,2014,Spring,CM,SIR,male,44,420,63.589,59.075,-4.514,NA,NA,NA,21.645,-28.18593534,4.907407406
486,845,3/25/14,2014,Spring,AD,SIR,male,44,432,26.235,83.598,57.363,12.01478743,14.54977555,2.53498812,0.77,-16.18593534,5.925925928
487,849,3/25/14,2014,Spring,AD,SIR,male,43,412,38.483,37.938,-0.545,17.40163718,10.74729337,-6.65434381,48.128,-35.33988598,5.925925928
488,850,3/25/14,2014,Spring,AD,SIR,male,42,407,18.149,40.57,22.421,17.40163718,10.74729337,-6.65434381,30.082,-39.49383662,5.925925928
489,851,3/25/14,2014,Spring,AD,SIR,male,55,497,95.979,165.925,69.946,36.73092157,27.22471613,-9.50620544,7.343,39.50752167,5.925925928
490,852,3/25/14,2014,Spring,AD,SIR,male,49,430,79.335,52.426,-26.909,27.85846316,7.789807235,-20.06865593,44.935,-22.41618216,5.925925928
491,861,3/25/14,2014,Spring,AD,SIR,female,69,488,8.064,22.642,14.578,9.479799313,8.212305255,-1.267494058,NA,18.66283059,5.925925928
492,867,3/25/14,2014,Spring,AD,SIR,female,37,438,NA,335.677,NA,98.41563243,99.15500396,0.73937153,NA,-4.263589804,5.925925928
493,870,3/29/14,2014,Spring,AD,SIR,male,48,434,13.5,14.533,1.033,5.888566147,3.56482704,-2.323739107,15.592,-17.57013279,5.277777778
494,871,3/29/14,2014,Spring,AD,SIR,male,34,385,26.235,32.727,6.492,7.89543174,10.11354634,2.2181146,8.449,-54.72544172,5.277777778
495,872,3/29/14,2014,Spring,AD,SIR,male,46,433,50.966,79.335,28.369,10.11354634,36.51967256,26.40612622,2.54,-16.87803407,5.277777778
496,873,3/29/14,2014,Spring,AD,SIR,male,44,421,18.149,15.656,-2.493,3.670451545,0.290467388,-3.379984157,10.889,-27.18593534,5.277777778
497,874,3/29/14,2014,Spring,AD,SIR,female,107,587,32.727,123.518,90.791,13.38790599,26.90784262,13.51993663,NA,85.51295481,5.277777778
498,875,3/29/14,2014,Spring,AD,SIR,male,46,406,NA,30.413,NA,NA,9.268550304,NA,3.837,-43.87803407,5.277777778
499,876,3/29/14,2014,Spring,AD,SIR,male,53,431,43.98,63.589,19.609,12.96540797,13.81040401,0.84499604,0.201,-24.80037961,5.277777778
500,879,3/29/14,2014,Spring,AD,SIR,male,65,480,9.681,222.889,213.208,16.3806003,NA,NA,10.938,14.04702804,5.277777778
501,881,3/29/14,2014,Spring,AD,SIR,male,70,463,207.031,132.974,-74.057,4.515447584,6.099815157,1.584367573,14.887,-7.183218774,5.277777778
502,914,4/8/14,2014,Spring,AD,SIR,female,42,402,23.669,35.243,11.574,18.09161829,14.22604415,-3.86557414,NA,-44.49383662,8.796296294
503,988,10/12/15,2015,Fall,AD,SIR,male,82,510,15.205,40.043,24.838,NA,NA,NA,NA,29.66418887,11.38888889
504,1188,9/20/15,2015,Fall,CM,SIR,male,72,470,105.318,42.216,-63.102,NA,NA,NA,127.681,-1.875317499,13.51851852
505,1189,9/20/15,2015,Fall,CM,SIR,male,53,440,NA,61.566,NA,NA,NA,NA,NA,-15.80037961,13.51851852
506,1192,9/20/15,2015,Fall,CM,SIR,male,88,521,53.639,32.352,-21.287,NA,NA,NA,NA,35.5878927,13.51851852
507,1196,10/12/15,2015,Fall,AD,SIR,male,48,430,15.957,39.205,23.248,NA,NA,NA,10.913,-21.57013279,11.38888889
508,1198,10/12/15,2015,Fall,AD,SIR,female,54,415,9.898,107.54,97.642,NA,NA,NA,NA,-41.64642897,11.38888889
509,848,4/13/15,2015,Spring,AD,SIR,male,39,427,80.941,140.846,59.905,37.93106012,28.40683695,-9.52422317,0.218,-16.95568853,8.14814815
510,1010,3/21/15,2015,Spring,AD,SIR,male,63,450,NA,NA,NA,NA,NA,NA,NA,-14.26087323,9.537037039
511,1013,3/21/15,2015,Spring,AD,SIR,male,48,440,NA,NA,NA,32.11168459,NA,NA,NA,-11.57013279,9.537037039
512,1015,3/22/15,2015,Spring,AD,SIR,male,72,465,NA,NA,NA,NA,NA,NA,NA,-6.875317499,10.09259259
513,1015,3/21/15,2015,Spring,AD,SIR,male,73,465,NA,NA,NA,NA,24.06,NA,NA,-7.721366862,9.537037039
514,1016,3/21/15,2015,Spring,AD,SIR,male,48,420,NA,NA,NA,NA,NA,NA,NA,-31.57013279,9.537037039
515,1016,3/22/15,2015,Spring,AD,SIR,male,48,420,NA,NA,NA,36.68,17.6,-19.08,NA,-31.57013279,10.09259259
516,1018,3/22/15,2015,Spring,AD,SIR,male,45,450,12.179,9.786,-2.393,14.40446861,31.91990969,17.51544108,NA,0.968015295,10.09259259
517,1019,3/22/15,2015,Spring,AD,SIR,male,48,420,34.455,42.154,7.699,NA,NA,NA,NA,-31.57013279,10.09259259
518,1021,3/22/15,2015,Spring,AD,SIR,male,39,393,82.103,82.103,0,NA,13.89306887,NA,NA,-50.95568853,10.09259259
519,1022,3/22/15,2015,Spring,AD,SIR,male,41,410,41.634,92.975,51.341,NA,33.262334,NA,44.044,-35.64778725,10.09259259
520,1025,3/22/15,2015,Spring,AD,SIR,male,48,440,NA,37.922,NA,NA,29.84130834,NA,NA,-11.57013279,10.09259259
521,1053,3/30/15,2015,Spring,CM,SIR,male,75,508,NA,85.936,NA,18.95236642,23.25008332,4.2977169,0.158,33.58653441,8.888888889
522,1054,3/30/15,2015,Spring,CM,SIR,male,72,498,6.65,14.219,7.569,40.96636755,24.17925906,-16.78710849,0.169,26.1246825,8.888888889
523,1055,3/30/15,2015,Spring,CM,SIR,male,55,479,132.063,28.895,-103.168,15.63084219,9.312447114,-6.318395076,24.972,21.50752167,8.888888889
524,1114,3/30/15,2015,Spring,CM,SIR,male,77,508,10.422,11.457,1.035,9.498282264,54.47038841,44.97210615,4.283,31.89443569,8.888888889
525,1129,3/31/15,2015,Spring,AD,SIR,female,36,305,NA,NA,NA,NA,NA,NA,NA,-136.4175404,11.75925926
526,1131,3/31/15,2015,Spring,AD,SIR,male,37,392,NA,NA,NA,NA,NA,NA,NA,-50.2635898,11.75925926
527,1133,3/31/15,2015,Spring,AD,SIR,male,42,415,NA,NA,NA,NA,NA,NA,NA,-31.49383662,11.75925926
528,1137,3/31/15,2015,Spring,AD,SIR,male,57,474,NA,NA,NA,NA,NA,NA,NA,14.81542294,11.75925926
529,1138,3/31/15,2015,Spring,AD,SIR,female,94,505,NA,NA,NA,NA,NA,NA,NA,14.51159652,11.75925926
530,1154,4/13/15,2015,Spring,AD,SIR,male,44,408,1.791,NA,NA,15.81667734,17.51789503,1.70121769,0.983,-40.18593534,8.14814815
531,807,3/20/16,2016,Spring,CM,SIR,male,75,492,NA,NA,NA,NA,NA,NA,NA,17.58653441,4.444444444
532,1092,3/12/16,2016,Spring,CM,SIR,male,84,495,NA,NA,NA,NA,NA,NA,NA,12.97209015,10.83333333
533,1114,3/20/16,2016,Spring,CM,SIR,male,84,530,NA,NA,NA,NA,NA,NA,NA,47.97209015,4.444444444
534,1159,3/12/16,2016,Spring,CM,SIR,male,88,525,NA,NA,NA,NA,NA,NA,NA,39.5878927,10.83333333
535,1162,3/12/16,2016,Spring,CM,SIR,male,87,512,NA,NA,NA,NA,NA,NA,NA,27.43394206,10.83333333
536,1163,3/12/16,2016,Spring,CM,SIR,male,77,515,NA,NA,NA,NA,NA,NA,NA,38.89443569,10.83333333
537,1165,3/12/16,2016,Spring,CM,SIR,male,82,525,NA,NA,NA,NA,NA,NA,NA,44.66418887,10.83333333
538,1166,3/12/16,2016,Spring,CM,SIR,male,72,475,NA,NA,NA,NA,NA,NA,NA,3.124682501,10.83333333
539,1169,3/12/16,2016,Spring,CM,SIR,male,81,495,NA,NA,NA,NA,NA,NA,NA,15.51023824,10.83333333
540,1171,3/20/16,2016,Spring,CM,SIR,male,57,468,NA,NA,NA,NA,NA,NA,NA,8.815422942,4.444444444
541,1172,3/20/16,2016,Spring,CM,SIR,male,69,467,NA,NA,NA,NA,NA,NA,NA,-2.337169411,4.444444444
542,1182,3/20/16,2016,Spring,CM,SIR,male,82,510,NA,NA,NA,NA,NA,NA,NA,29.66418887,4.444444444
543,1183,3/20/16,2016,Spring,CM,SIR,male,87,544,NA,NA,NA,NA,NA,NA,NA,59.43394206,4.444444444
544,1184,3/20/16,2016,Spring,CM,SIR,male,70,485,NA,NA,NA,NA,NA,NA,NA,14.81678123,4.444444444
545,1185,4/2/16,2016,Spring,AD,SIR,female,118,562,NA,NA,NA,NA,NA,NA,NA,51.20641182,6.388888889
546,1188,3/20/16,2016,Spring,CM,SIR,male,65,457,NA,NA,NA,NA,NA,NA,NA,-8.95297196,4.444444444
547,1191,4/2/16,2016,Spring,AD,SIR,male,49,469,NA,NA,NA,NA,NA,NA,NA,16.58381784,6.388888889
548,1193,4/2/16,2016,Spring,AD,SIR,male,54,452,NA,NA,NA,NA,NA,NA,NA,-4.64642897,6.388888889
549,1195,4/2/16,2016,Spring,AD,SIR,male,70,469,100.105,NA,NA,NA,NA,NA,NA,-1.183218774,6.388888889